source_name,website_url,rss_feed_url,notes
Thai Beauty Blogger,https://thaibeautyblogger.com/,https://thaibeautyblogger.com/?feed=rss2,Independent Thai beauty & skincare reviews
Jell Story,https://jellstory.com/,https://jellstory.com/feed,Popular Thai beauty & skincare blog
L’Officiel Thailand Beauty,https://lofficielthailand.com/category/beauty/,https://lofficielthailand.com/category/beauty/feed/,High-authority fashion & beauty magazine
Metro Beauty Centers Blog,https://metrobeautycenters.com/metro-beauty-center-blog/,https://metrobeautycenters.com/feed,Clinic-backed beauty & skincare articles
Erk-Erk,https://erk-erk.com/,https://erk-erk.com/feed,Thai lifestyle & beauty blog
Khwankhong Blog,https://khwankhong.blogspot.com/,https://khwankhong.blogspot.com/feeds/posts/default?alt=rss,Personal beauty & skincare reviews
Jane Soraya Beauty,https://janesoraya.com/beauty,https://janesoraya.com/beauty?format=RSS,Beauty & lifestyle influencer blog
Vogue Thailand Beauty,https://vogue.co.th/beauty/,https://vogue.co.th/beauty/feed/,High-authority beauty editorials
Prestige Thailand Beauty,https://www.prestigeonline.com/th/beauty-wellness/,https://www.prestigeonline.com/th/feed/,Luxury beauty & wellness articles
Noongja Review,https://noongjareview.blogspot.com/,https://noongjareview.blogspot.com//feeds/posts/default,Personal Thai skincare reviews
Pow Review Skincare,https://powreviewskincare.blogspot.com/,https://powreviewskincare.blogspot.com/feeds/posts/default?alt=rss,User skincare product reviews
Tangmo40 Beauty Blog,https://tangmo40.blogspot.com/,https://tangmo40.blogspot.com/feeds/posts/default?alt=rss,Thai skincare & serum reviews
SheetMask2558,https://sheetmask2558.blogspot.com/,https://sheetmask2558.blogspot.com/feeds/posts/default?alt=rss,Sheet mask & skincare reviews
Wonder Peach Blog,https://wonderpeachblog.blogspot.com/,https://wonderpeachblog.blogspot.com/feeds/posts/default?alt=rss,Skincare product reviews
Dr Rachel Ho Blog,https://www.drrachelho.com/read/,https://www.drrachelho.com/read/feed,Dermatology & skincare perspectives
AsiaCommerce Skincare Guide,https://asiacommerce.net/blog/thailand-skincare-brands/,,Thai skincare brand analysis
Pantip Beauty Forum,https://pantip.com/forum/beauty,https://pantip.com/forum/beauty/feed,Community skincare discussions
Jeban,https://daisy.jeban.com/,,,Major Thai beauty review community
Wongnai Beauty,https://www.wongnai.com/beauty,,,User-generated beauty & skincare reviews
Sanook Beauty,https://www.sanook.com/women/beauty/,,,Mainstream Thai beauty content
Ladyissue Beauty,https://www.ladyissue.com/category/beauty/,https://www.ladyissue.com/feed/,Beauty news & product launches
Kapook Women Beauty,https://women.kapook.com/beauty,,,Mass-market beauty & skincare articles
Thailand Real Review Beauty,https://thailand-real-review.com/en/category/beauty-and-health-eng/,https://thailand-real-review.com/en/category/beauty-and-health-eng/feed,Beauty and wellness reviews by Chifumi Maeda in Thailand
Feonalita Beauty & Style,http://www.feonalita.com/,,Thai beauty and lifestyle creator blog by Feonalita
Nobluk Beauty Blog,https://nobluk.blogspot.com/,https://nobluk.blogspot.com/feeds/posts/default?alt=rss,Thai beauty blogger with makeup and skincare focus
